date,max_temp,min_temp
2026-09-07,25.6,17.3
2026-09-08,20.6,12.7
2026-09-09,18.5,11.2
2026-09-10,21.1,10.0
2026-09-11,19.9,14.1
2026-09-12,22.1,14.8
2026-09-13,20.7,17.3
2026-09-14,22.2,17.8
2026-09-15,25.8,15.7
2026-09-16,20.2,14.2
2026-09-17,17.2,13.9
2026-09-18,19.2,11.4
2026-09-19,21.9,15.4
2026-09-20,19.0,12.5
2026-09-21,20.0,11.0
2026-09-22,21.9,11.8
2026-09-23,23.8,11.6
2026-09-24,20.4,13.3
2026-09-25,25.5,11.4
2026-09-26,20.8,14.2
2026-09-27,24.1,11.4
2026-09-28,18.8,15.8
2026-09-29,27.3,14.7
2026-09-30,21.3,18.5
2026-10-01,20.3,13.5
2026-10-02,19.8,11.0
2026-10-03,20.1,9.8
2026-10-04,21.6,10.0
2026-10-05,22.0,11.5
2026-10-06,22.0,11.1
2026-10-07,21.1,11.3
